Question,Answer
How do I update Google Chrome?,"Open Chrome, click on the three dots in the top-right corner, select 'Help,' then 'About Google Chrome.'"
How do I clear cache in Google Chrome?,Go to Settings > Privacy and security > Clear browsing data.
How do I enable cookies in Google Chrome?,Go to Settings > Privacy and security > Cookies and other site data.
How do I manage extensions in Google Chrome?,"Click on the three dots in the top-right corner, select 'More tools,' then 'Extensions.'"
How do I reset Google Chrome settings?,Go to Settings > Advanced > Reset and clean up > Restore settings to their original defaults.
How do I change the default search engine?,Go to Settings > Search engine > Manage search engines.
How do I use Incognito mode in Google Chrome?,Click on the three dots in the top-right corner and select 'New Incognito window.'
How do I bookmark a page in Google Chrome?,Click the star icon in the address bar or press Ctrl+D (Cmd+D on Mac).
How do I remove a bookmark in Google Chrome?,Right-click the bookmark in the bookmarks bar and select 'Delete.'
How do I disable pop-ups in Google Chrome?,Go to Settings > Privacy and security > Site settings > Pop-ups and redirects.
How do I sync my data in Google Chrome?,"Go to Settings > You and Google > Sync and Google services, and then turn on Sync."
How do I manage passwords in Google Chrome?,"Go to Settings > Autofill > Passwords to view, delete, or manage saved passwords."
How do I translate a page in Google Chrome?,Right-click on the page and select 'Translate to [your language]' or use the translate icon in the address bar.
How do I enable dark mode in Google Chrome?,"Chrome follows your system theme settings. Set your OS to dark mode, and Chrome will follow."
How do I open the task manager in Google Chrome?,"Click on the three dots in the top-right corner, go to 'More tools,' and select 'Task manager.'"
How do I print a page in Google Chrome?,Press Ctrl+P (Cmd+P on Mac) or click the three dots in the top-right corner and select 'Print.'
How do I save a page as a PDF in Google Chrome?,"Press Ctrl+P (Cmd+P on Mac), change the destination to 'Save as PDF,' and click 'Save.'"
How do I use Google Chrome’s Developer Tools?,Press Ctrl+Shift+I (Cmd+Option+I on Mac) or right-click on a page and select 'Inspect.'
How do I mute a tab in Google Chrome?,Right-click the tab and select 'Mute site.'
How do I reopen a closed tab in Google Chrome?,Press Ctrl+Shift+T (Cmd+Shift+T on Mac) or right-click on the tab bar and select 'Reopen closed tab.'
How do I change the homepage in Google Chrome?,"Go to Settings > On startup, and choose 'Open a specific page or set of pages.'"
How do I enable JavaScript in Google Chrome?,"Go to Settings > Privacy and security > Site settings > JavaScript, and turn it on."
How do I disable JavaScript in Google Chrome?,"Go to Settings > Privacy and security > Site settings > JavaScript, and turn it off."
How do I view saved passwords in Google Chrome?,"Go to Settings > Autofill > Passwords, and click on the eye icon next to the saved password."
How do I block a website in Google Chrome?,Use an extension like 'BlockSite' or configure site settings to restrict access to specific websites.
How do I enable hardware acceleration in Chrome?,"Go to Settings > Advanced > System, and turn on 'Use hardware acceleration when available.'"
How do I change the download location in Chrome?,"Go to Settings > Advanced > Downloads, and change the location under 'Location.'"
How do I import bookmarks in Google Chrome?,"Click on the three dots in the top-right corner, go to 'Bookmarks,' then 'Import bookmarks and settings.'"
How do I export bookmarks in Google Chrome?,"Click on the three dots in the top-right corner, go to 'Bookmarks,' then 'Bookmark manager,' and select 'Export bookmarks.'"
How do I report a bug in Google Chrome?,"Click on the three dots in the top-right corner, go to 'Help,' then 'Report an issue.'"
How do I enable offline mode in Google Chrome?,Go to chrome://flags and enable 'Offline Auto-Reload Mode' and 'Show Saved Copy Button.'
How do I change font size in Google Chrome?,"Go to Settings > Appearance > Font size, and select the desired size."
How do I view browsing history in Google Chrome?,Press Ctrl+H (Cmd+Y on Mac) or click the three dots in the top-right corner and select 'History.'
How do I delete browsing history in Chrome?,"Go to Settings > Privacy and security > Clear browsing data, and choose the time range and data to clear."
How do I disable images in Google Chrome?,"Go to Settings > Privacy and security > Site settings > Images, and turn off 'Show all images.'"
How do I manage site settings in Google Chrome?,"Go to Settings > Privacy and security > Site settings to manage permissions like location, camera, etc."
How do I change the theme in Google Chrome?,"Go to Settings > Appearance > Theme, and select a theme from the Chrome Web Store."
How do I add a user profile in Google Chrome?,Click on the profile icon in the top-right corner and select 'Add.'
How do I remove a user profile in Chrome?,"Go to Settings > You and Google > Customize your Chrome profile, and click 'Remove this profile.'"
How do I enable safe browsing in Google Chrome?,"Go to Settings > Privacy and security > Security, and turn on 'Safe Browsing.'"
How do I disable autoplay videos in Chrome?,Use an extension like 'AutoplayStopper' to control video autoplay settings.
How do I view saved credit cards in Chrome?,Go to Settings > Autofill > Payment methods to view and manage saved credit cards.
How do I manage payment methods in Chrome?,"Go to Settings > Autofill > Payment methods to add, remove, or edit payment information."
How do I disable location tracking in Chrome?,"Go to Settings > Privacy and security > Site settings > Location, and turn off 'Ask before accessing.'"
How do I customize the new tab page in Chrome?,Use an extension like 'Infinity New Tab' or 'Momentum' for more customization options.
How do I find the Chrome version number?,Go to Settings > About Chrome to see the version number.
How do I set up parental controls in Chrome?,Use Google Family Link to set up and manage parental controls for your child's account.
How do I clear autofill data in Chrome?,"Go to Settings > Privacy and security > Clear browsing data, and select 'Autofill form data.'"
How do I restore closed tabs after a crash?,"Open Chrome, and it will prompt to 'Restore' the previous session. Alternatively, use Ctrl+Shift+T."
How do I use keyboard shortcuts in Chrome?,Press Ctrl+/ (Cmd+/ on Mac) to see a list of available keyboard shortcuts.
How do I enable experimental features in Chrome?,Go to chrome://flags and enable the desired experimental features.
How do I disable hardware acceleration in Chrome?,"Go to Settings > Advanced > System, and turn off 'Use hardware acceleration when available.'"
How do I enable native notifications in Chrome?,Go to chrome://flags and enable 'Enable native notifications.'
How do I view page source in Chrome?,Press Ctrl+U (Cmd+Option+U on Mac) or right-click on the page and select 'View page source.'
How do I zoom in and out in Chrome?,Press Ctrl+Plus or Ctrl+Minus (Cmd+Plus or Cmd+Minus on Mac) or go to Settings > Appearance > Page zoom.
How do I restore default zoom level in Chrome?,"Press Ctrl+0 (Cmd+0 on Mac) or go to Settings > Appearance > Page zoom, and select 100%."
How do I enable Do Not Track in Chrome?,"Go to Settings > Privacy and security > Cookies and other site data, and turn on 'Send a ""Do Not Track"" request with your browsing traffic.'"
How do I disable Do Not Track in Chrome?,"Go to Settings > Privacy and security > Cookies and other site data, and turn off 'Send a ""Do Not Track"" request with your browsing traffic.'"
How do I enable site isolation in Chrome?,Go to chrome://flags and enable 'Site Isolation.'
How do I disable site isolation in Chrome?,Go to chrome://flags and disable 'Site Isolation.'
How do I enable predictive services in Chrome?,"Go to Settings > Privacy and security > Cookies and other site data, and turn on 'Preload pages for faster browsing and searching.'"
How do I disable predictive services in Chrome?,"Go to Settings > Privacy and security > Cookies and other site data, and turn off 'Preload pages for faster browsing and searching.'"
How do I enable sync encryption in Chrome?,"Go to Settings > You and Google > Sync and Google services > Encryption options, and select 'Encrypt synced data with your own passphrase.'"
How do I disable sync encryption in Chrome?,"Go to Settings > You and Google > Sync and Google services > Encryption options, and select 'Encrypt synced passwords with your Google Account.'"
How do I enable click-to-play for Flash in Chrome?,"Go to Settings > Privacy and security > Site settings > Flash, and turn on 'Ask first before allowing sites to run Flash (recommended).'"
How do I disable Flash in Chrome?,"Go to Settings > Privacy and security > Site settings > Flash, and turn off 'Ask first before allowing sites to run Flash (recommended).'"
How do I manage site permissions in Chrome?,"Go to Settings > Privacy and security > Site settings to manage permissions for location, camera, microphone, notifications, etc."
How do I disable notifications in Chrome?,"Go to Settings > Privacy and security > Site settings > Notifications, and turn off 'Sites can ask to send notifications.'"
How do I enable notifications in Chrome?,"Go to Settings > Privacy and security > Site settings > Notifications, and turn on 'Sites can ask to send notifications.'"
How do I enable tab grouping in Chrome?,Right-click a tab and select 'Add tab to new group.'
How do I disable tab grouping in Chrome?,Right-click a tab and select 'Remove from group.'
How do I search within a page in Chrome?,Press Ctrl+F (Cmd+F on Mac) or click the three dots in the top-right corner and select 'Find.'
How do I enable guest mode in Chrome?,Click on the profile icon in the top-right corner and select 'Guest.'
How do I disable guest mode in Chrome?,Guest mode is temporary; closing the guest window ends the session.
How do I use Chrome on multiple devices?,Sign in to Chrome with the same Google account on each device to sync data.
How do I customize Chrome toolbar?,"Use extensions to add features to the toolbar, or right-click to rearrange icons."
How do I open the download bar in Chrome?,Press Ctrl+J (Cmd+J on Mac) or click the three dots in the top-right corner and select 'Downloads.'
How do I resume a paused download in Chrome?,"Go to the Downloads page (Ctrl+J or Cmd+J), and click 'Resume' next to the paused download."
How do I clear download history in Chrome?,"Go to the Downloads page (Ctrl+J or Cmd+J), and click 'Clear all.'"
How do I set Chrome as my default browser?,"Go to Settings > Default browser, and click 'Make default.'"
How do I disable Chrome as the default browser?,Set a different browser as the default in your OS settings.
How do I enable extensions in Incognito mode?,"Go to chrome://extensions, find the extension, click 'Details,' and enable 'Allow in Incognito.'"
How do I disable extensions in Incognito mode?,"Go to chrome://extensions, find the extension, click 'Details,' and disable 'Allow in Incognito.'"
How do I manage cookies in Chrome?,Go to Settings > Privacy and security > Cookies and other site data to allow or block cookies.
How do I disable third-party cookies in Chrome?,"Go to Settings > Privacy and security > Cookies and other site data, and turn on 'Block third-party cookies.'"
How do I enable third-party cookies in Chrome?,"Go to Settings > Privacy and security > Cookies and other site data, and turn off 'Block third-party cookies.'"
How do I use Google Lens in Chrome?,Right-click on an image and select 'Search image with Google Lens.'
How do I disable Google Lens in Chrome?,"As of now, Google Lens cannot be disabled in Chrome."
How do I disable images on specific sites in Chrome?,Use an extension like 'Block Image' to manage image settings on specific sites.
How do I enable touch events in Chrome?,Go to chrome://flags and enable 'Touch Events API.'
How do I disable touch events in Chrome?,Go to chrome://flags and disable 'Touch Events API.'
How do I enable HDR video in Chrome?,Ensure your system supports HDR and update Chrome to the latest version; HDR is enabled automatically.
How do I disable HDR video in Chrome?,Adjust system settings to disable HDR; Chrome follows system settings.
How do I use Chromecast with Chrome?,"Click on the three dots in the top-right corner, select 'Cast,' and choose your Chromecast device."
How do I disable Chromecast in Chrome?,Remove the Chromecast extension or device from your network.
How do I enable experimental Web Platform features?,Go to chrome://flags and enable 'Experimental Web Platform features.'
How do I disable experimental Web Platform features?,Go to chrome://flags and disable 'Experimental Web Platform features.'
How do I enable the reading list in Chrome?,Go to chrome://flags and enable 'Reading List.'
How do I disable the reading list in Chrome?,Go to chrome://flags and disable 'Reading List.'
How do I customize the Chrome context menu?,Use extensions to add or remove options from the right-click context menu.
How do I use Chrome profiles?,Click on the profile icon in the top-right corner to manage profiles and switch between them.
How do I delete Chrome user data?,"Go to Settings > You and Google > Sync and Google services, and turn off sync to delete local data."
How do I enable smooth scrolling in Chrome?,Go to chrome://flags and enable 'Smooth Scrolling.'
How do I disable smooth scrolling in Chrome?,Go to chrome://flags and disable 'Smooth Scrolling.'
How do I enable lazy loading in Chrome?,Go to chrome://flags and enable 'Enable lazy image loading.'
How do I disable lazy loading in Chrome?,Go to chrome://flags and disable 'Enable lazy image loading.'
How do I enable autofill in Chrome?,"Go to Settings > Autofill, and turn on 'Autofill forms.'"
How do I disable autofill in Chrome?,"Go to Settings > Autofill, and turn off 'Autofill forms.'"
How do I use Chrome Remote Desktop?,"Install the Chrome Remote Desktop extension from the Chrome Web Store, and follow the setup instructions."
How do I remove Chrome Remote Desktop?,"Go to chrome://extensions, find Chrome Remote Desktop, and click 'Remove.'"
How do I enable picture-in-picture mode in Chrome?,Right-click a video and select 'Picture in Picture.'
How do I disable picture-in-picture mode in Chrome?,Right-click the video and select 'Exit Picture in Picture.'
How do I change the download notification settings?,Go to Settings > Privacy and security > Site settings > Notifications to manage download notifications.
How do I enable quick commands in Chrome?,Use an extension like 'Vimium' to enable quick command features.
How do I disable quick commands in Chrome?,Disable or remove the 'Vimium' extension from chrome://extensions.
How do I set up Chrome for work?,Use Chrome Enterprise to deploy and manage Chrome for work environments.
How do I configure Chrome for a school network?,Use Chrome Education to deploy and manage Chrome in educational settings.
How do I add custom search engines in Chrome?,"Go to Settings > Search engine > Manage search engines, and add a new search engine."
How do I remove custom search engines in Chrome?,"Go to Settings > Search engine > Manage search engines, and remove the desired search engine."
How do I enable reading mode in Chrome?,Go to chrome://flags and enable 'Enable Reader Mode.'
How do I disable reading mode in Chrome?,Go to chrome://flags and disable 'Enable Reader Mode.'
How do I view performance metrics in Chrome?,"Press Ctrl+Shift+I (Cmd+Option+I on Mac), go to 'Performance' tab to view metrics."
How do I troubleshoot network issues in Chrome?,Go to chrome://net-internals to access network debugging tools.
How do I view certificate information in Chrome?,Click on the lock icon in the address bar and select 'Certificate.'
How do I disable the PDF viewer in Chrome?,Go to chrome://settings/content/pdfDocuments and turn on 'Download PDFs.'
How do I enable the PDF viewer in Chrome?,Go to chrome://settings/content/pdfDocuments and turn off 'Download PDFs.'
How do I use the Chrome cleanup tool?,Go to Settings > Advanced > Reset and clean up > Clean up computer to find and remove harmful software.
How do I disable the Chrome cleanup tool?,The Chrome cleanup tool cannot be disabled; it runs as part of Chrome's security features.
How do I report a phishing site in Chrome?,"Click on the three dots in the top-right corner, go to 'Help,' then 'Report an issue,' and select 'Report phishing page.'"
How do I use Chrome’s password checkup tool?,"Go to Settings > Autofill > Passwords, and click 'Check passwords' to scan for compromised passwords."
How do I enable the data saver in Chrome?,Data Saver is now part of Lite mode; go to Settings > Privacy and security > Lite mode to enable it.
How do I disable the data saver in Chrome?,Go to Settings > Privacy and security > Lite mode to disable it.
How do I change the spell check settings in Chrome?,Go to Settings > Languages > Spell check to manage spell check settings.
How do I disable spell check in Chrome?,"Go to Settings > Languages > Spell check, and turn off 'Spell check.'"
How do I change the language in Chrome?,"Go to Settings > Languages > Language, and select or add your preferred language."
How do I enable translation for a specific language?,"Go to Settings > Languages > Language, and turn on 'Offer to translate pages in this language.'"
How do I disable translation for a specific language?,"Go to Settings > Languages > Language, and turn off 'Offer to translate pages in this language.'"
How do I manage content settings in Chrome?,"Go to Settings > Privacy and security > Site settings to manage content settings for JavaScript, images, pop-ups, etc."
How do I enable developer mode for extensions?,Go to chrome://extensions and turn on 'Developer mode' in the top-right corner.
How do I disable developer mode for extensions?,Go to chrome://extensions and turn off 'Developer mode' in the top-right corner.
How do I view security warnings in Chrome?,Go to Settings > Privacy and security > Security to see and manage security warnings.
How do I disable security warnings in Chrome?,"Go to Settings > Privacy and security > Security, and turn off 'Warn you if passwords are exposed in a data breach.'"
How do I enable the privacy sandbox in Chrome?,Go to chrome://settings/privacySandbox and enable the privacy sandbox features.
How do I disable the privacy sandbox in Chrome?,Go to chrome://settings/privacySandbox and disable the privacy sandbox features.
How do I enable JavaScript console logging in Chrome?,"Press Ctrl+Shift+I (Cmd+Option+I on Mac), go to 'Console' tab to enable and view JavaScript logs."
How do I disable JavaScript console logging in Chrome?,"Press Ctrl+Shift+I (Cmd+Option+I on Mac), go to 'Console' tab and clear or close the console."
How do I view performance insights in Chrome?,"Press Ctrl+Shift+I (Cmd+Option+I on Mac), go to 'Performance' tab to view performance insights."
How do I enable Chrome’s ad blocker?,Chrome has a built-in ad blocker; go to Settings > Privacy and security > Site settings > Ads to manage it.
How do I disable Chrome’s ad blocker?,"Go to Settings > Privacy and security > Site settings > Ads, and turn off 'Block ads on sites that show intrusive or misleading ads (recommended).'"
How do I enable the Chrome reading list?,Go to chrome://flags and enable 'Read Later.'
How do I disable the Chrome reading list?,Go to chrome://flags and disable 'Read Later.'
How do I manage Chrome’s privacy settings?,Go to Settings > Privacy and security to manage various privacy settings and preferences.
How do I enable Chrome’s enhanced protection?,"Go to Settings > Privacy and security > Security, and turn on 'Enhanced protection.'"
How do I disable Chrome’s enhanced protection?,"Go to Settings > Privacy and security > Security, and turn off 'Enhanced protection.'"
How do I use Chrome’s QR code generator?,Right-click on the page and select 'Create QR code for this page.'
How do I disable Chrome’s QR code generator?,This feature cannot be disabled; it's built into Chrome.
How do I use Chrome’s tab search feature?,Click the down arrow icon in the top-right corner next to the minimize button to search open tabs.
How do I disable Chrome’s tab search feature?,This feature cannot be disabled; it's built into Chrome.
How do I change the Chrome address bar behavior?,Go to chrome://flags and search for 'Omnibox' to adjust address bar settings.
How do I enable Chrome’s tab groups save feature?,Go to chrome://flags and enable 'Tab Groups Save.'
How do I disable Chrome’s tab groups save feature?,Go to chrome://flags and disable 'Tab Groups Save.'
How do I use Chrome’s safe browsing diagnostics?,"Visit a URL with the 'safe-browsing' diagnostic page, like chrome://safe-browsing."
How do I clear Chrome’s DNS cache?,Go to chrome://net-internals/#dns and click 'Clear host cache.'
How do I manage site-specific permissions in Chrome?,Go to Settings > Privacy and security > Site settings to manage permissions for individual sites.
How do I enable Chrome’s prefetching features?,"Go to Settings > Privacy and security > Cookies and other site data, and turn on 'Preload pages for faster browsing and searching.'"
How do I disable Chrome’s prefetching features?,"Go to Settings > Privacy and security > Cookies and other site data, and turn off 'Preload pages for faster browsing and searching.'"
How do I use Chrome’s WebUSB feature?,Go to chrome://flags and enable 'WebUSB.'
How do I disable Chrome’s WebUSB feature?,Go to chrome://flags and disable 'WebUSB.'
How do I use Chrome’s WebXR features?,Go to chrome://flags and enable 'WebXR.'
How do I disable Chrome’s WebXR features?,Go to chrome://flags and disable 'WebXR.'
How do I enable Chrome’s Tab Freeze feature?,Go to chrome://flags and enable 'Tab Freeze.'
How do I disable Chrome’s Tab Freeze feature?,Go to chrome://flags and disable 'Tab Freeze.'
How do I use Chrome’s Web Bluetooth feature?,Go to chrome://flags and enable 'Web Bluetooth.'
How do I disable Chrome’s Web Bluetooth feature?,Go to chrome://flags and disable 'Web Bluetooth.'
How do I use Chrome’s Periodic Background Sync?,Go to chrome://flags and enable 'Periodic Background Sync.'
How do I disable Chrome’s Periodic Background Sync?,Go to chrome://flags and disable 'Periodic Background Sync.'
How do I use Chrome’s WebAssembly features?,Go to chrome://flags and enable 'WebAssembly.'
How do I disable Chrome’s WebAssembly features?,Go to chrome://flags and disable 'WebAssembly.'
How do I manage Chrome’s site engagement settings?,Go to chrome://flags and enable 'Site Engagement.'
How do I disable Chrome’s site engagement settings?,Go to chrome://flags and disable 'Site Engagement.'
How do I enable Chrome’s Web Share API?,Go to chrome://flags and enable 'Web Share API.'
How do I disable Chrome’s Web Share API?,Go to chrome://flags and disable 'Web Share API.'
How do I enable Chrome’s Contact Picker API?,Go to chrome://flags and enable 'Contact Picker API.'
How do I disable Chrome’s Contact Picker API?,Go to chrome://flags and disable 'Contact Picker API.'
How do I enable Chrome’s Idle Detection API?,Go to chrome://flags and enable 'Idle Detection API.'
How do I disable Chrome’s Idle Detection API?,Go to chrome://flags and disable 'Idle Detection API.'
How do I enable Chrome’s Native File System API?,Go to chrome://flags and enable 'Native File System API.'
How do I disable Chrome’s Native File System API?,Go to chrome://flags and disable 'Native File System API.'
How do I enable Chrome’s Native File System API write support?,Go to chrome://flags and enable 'Native File System API write support.'
How do I disable Chrome’s Native File System API write support?,Go to chrome://flags and disable 'Native File System API write support.'
How do I enable Chrome’s WebHID API?,Go to chrome://flags and enable '
